id_municipio,municipio_nome,id_pjreg,pjreg_nome
3500105,Adamantina,20,Promotoria de Justiça Regional do Meio Ambiente do Aguapeí/Peixe
3500204,Adolfo,19,Promotoria de Justiça Regional do Meio Ambiente do Baixo Tietê
3500303,Aguaí,23,Promotoria de Justiça Regional do Meio Ambiente do Alto Mogi/Médio Mogi Superior
3500402,Águas da Prata,23,Promotoria de Justiça Regional do Meio Ambiente do Alto Mogi/Médio Mogi Superior
3500501,Águas de Lindóia,23,Promotoria de Justiça Regional do Meio Ambiente do Alto Mogi/Médio Mogi Superior
3500550,Águas de Santa Bárbara,15,Promotoria de Justiça Regional do Meio Ambiente do Alto Paranapanema
3500600,Águas de São Pedro,10,Promotoria de Justiça Regional do Meio Ambiente do PCJ Piracicaba
3500709,Agudos,7,Promotoria de Justiça Regional do Meio Ambiente do Médio Paranapanema
3500758,Alambari,15,Promotoria de Justiça Regional do Meio Ambiente do Alto Paranapanema
3500808,Alfredo Marcondes,6,Promotoria de Justiça Regional do Meio Ambiente do Pontal do Paranapanema
3500907,Altair,16,Promotoria de Justiça Regional do Meio Ambiente do Turvo/Grande
3501004,Altinópolis,1,Promotoria de Justiça Regional do Meio Ambiente do Pardo
3501103,Alto Alegre,19,Promotoria de Justiça Regional do Meio Ambiente do Baixo Tietê
3501152,Alumínio,11,Promotoria de Justiça Regional do Meio Ambiente do Tietê/Sorocaba
3501202,Álvares Florence,16,Promotoria de Justiça Regional do Meio Ambiente do Turvo/Grande
3501301,Álvares Machado,6,Promotoria de Justiça Regional do Meio Ambiente do Pontal do Paranapanema
3501400,Álvaro de Carvalho,20,Promotoria de Justiça Regional do Meio Ambiente do Aguapeí/Peixe
3501509,Alvinlândia,20,Promotoria de Justiça Regional do Meio Ambiente do Aguapeí/Peixe
3501608,Americana,10,Promotoria de Justiça Regional do Meio Ambiente do PCJ Piracicaba
3501707,Américo Brasiliense,24,Promotoria de Justiça Regional do Meio Ambiente do Médio Mogi Inferior
3501806,Américo de Campos,16,Promotoria de Justiça Regional do Meio Ambiente do Turvo/Grande
3501905,Amparo,9,Promotoria de Justiça Regional do Meio Ambiente do PCJ Campinas-Atibaia
3502002,Analândia,10,Promotoria de Justiça Regional do Meio Ambiente do PCJ Piracicaba
3502101,Andradina,19,Promotoria de Justiça Regional do Meio Ambiente do Baixo Tietê
3502200,Angatuba,15,Promotoria de Justiça Regional do Meio Ambiente do Alto Paranapanema
3502309,Anhembi,11,Promotoria de Justiça Regional do Meio Ambiente do Tietê/Sorocaba
3502408,Anhumas,6,Promotoria de Justiça Regional do Meio Ambiente do Pontal do Paranapanema
3502507,Aparecida,3,Promotoria de Justiça Regional do Meio Ambiente do Paraíba do Sul
3502606,Aparecida d'Oeste,18,Promotoria de Justiça Regional do Meio Ambiente do São José dos Dourados
3502705,Apiaí,2,Promotoria de Justiça Regional do Meio Ambiente do Vale do Ribeira
3502754,Araçariguama,11,Promotoria de Justiça Regional do Meio Ambiente do Tietê/Sorocaba
3502804,Araçatuba,19,Promotoria de Justiça Regional do Meio Ambiente do Baixo Tietê
3502903,Araçoiaba da Serra,11,Promotoria de Justiça Regional do Meio Ambiente do Tietê/Sorocaba
3503000,Aramina,12,Promotoria de Justiça Regional do Meio Ambiente do Sapucaí/Grande
3503109,Arandu,15,Promotoria de Justiça Regional do Meio Ambiente do Alto Paranapanema
3503158,Arapeí,3,Promotoria de Justiça Regional do Meio Ambiente do Paraíba do Sul
3503208,Araraquara,24,Promotoria de Justiça Regional do Meio Ambiente do Médio Mogi Inferior
3503307,Araras,23,Promotoria de Justiça Regional do Meio Ambiente do Alto Mogi/Médio Mogi Superior
3503356,Arco-Íris,20,Promotoria de Justiça Regional do Meio Ambiente do Aguapeí/Peixe
3503406,Arealva,17,Promotoria de Justiça Regional do Meio Ambiente do Tietê/Batalha
3503505,Areias,3,Promotoria de Justiça Regional do Meio Ambiente do Paraíba do Sul
3503604,Areiópolis,14,Promotoria de Justiça Regional do Meio Ambiente do Tietê/Jacaré
3503703,Ariranha,16,Promotoria de Justiça Regional do Meio Ambiente do Turvo/Grande
3503802,Artur Nogueira,9,Promotoria de Justiça Regional do Meio Ambiente do PCJ Campinas-Atibaia
3503901,Arujá,8,Promotoria de Justiça Regional do Meio Ambiente do Cabeceiras
3503950,Aspásia,18,Promotoria de Justiça Regional do Meio Ambiente do São José dos Dourados
3504008,Assis,7,Promotoria de Justiça Regional do Meio Ambiente do Médio Paranapanema
3504107,Atibaia,9,Promotoria de Justiça Regional do Meio Ambiente do PCJ Campinas-Atibaia
3504206,Auriflama,18,Promotoria de Justiça Regional do Meio Ambiente do São José dos Dourados
3504305,Avaí,17,Promotoria de Justiça Regional do Meio Ambiente do Tietê/Batalha
3504404,Avanhandava,19,Promotoria de Justiça Regional do Meio Ambiente do Baixo Tietê
3504503,Avaré,15,Promotoria de Justiça Regional do Meio Ambiente do Alto Paranapanema
3504602,Bady Bassitt,16,Promotoria de Justiça Regional do Meio Ambiente do Turvo/Grande
3504701,Balbinos,17,Promotoria de Justiça Regional do Meio Ambiente do Tietê/Batalha
3504800,Bálsamo,16,Promotoria de Justiça Regional do Meio Ambiente do Turvo/Grande
3504909,Bananal,3,Promotoria de Justiça Regional do Meio Ambiente do Paraíba do Sul
3505005,Barão de Antonina,15,Promotoria de Justiça Regional do Meio Ambiente do Alto Paranapanema
3505104,Barbosa,19,Promotoria de Justiça Regional do Meio Ambiente do Baixo Tietê
3505203,Bariri,14,Promotoria de Justiça Regional do Meio Ambiente do Tietê/Jacaré
3505302,Barra Bonita,14,Promotoria de Justiça Regional do Meio Ambiente do Tietê/Jacaré
3505351,Barra do Chapéu,2,Promotoria de Justiça Regional do Meio Ambiente do Vale do Ribeira
3505401,Barra do Turvo,2,Promotoria de Justiça Regional do Meio Ambiente do Vale do Ribeira
3505500,Barretos,13,Promotoria de Justiça Regional do Meio Ambiente do Baixo Pardo/Grande
3505609,Barrinha,1,Promotoria de Justiça Regional do Meio Ambiente do Pardo
3505708,Barueri,22,Promotoria de Justiça Regional do Meio Ambiente do Cotia/Pirapora
3505807,Bastos,20,Promotoria de Justiça Regional do Meio Ambiente do Aguapeí/Peixe
3505906,Batatais,12,Promotoria de Justiça Regional do Meio Ambiente do Sapucaí/Grande
3506003,Bauru,17,Promotoria de Justiça Regional do Meio Ambiente do Tietê/Batalha
3506102,Bebedouro,13,Promotoria de Justiça Regional do Meio Ambiente do Baixo Pardo/Grande
3506201,Bento de Abreu,19,Promotoria de Justiça Regional do Meio Ambiente do Baixo Tietê
3506300,Bernardino de Campos,15,Promotoria de Justiça Regional do Meio Ambiente do Alto Paranapanema
3506359,Bertioga,4,Promotoria de Justiça Regional do Meio Ambiente do Paraíba do Sul/ Baixada
3506409,Bilac,19,Promotoria de Justiça Regional do Meio Ambiente do Baixo Tietê
3506508,Birigui,19,Promotoria de Justiça Regional do Meio Ambiente do Baixo Tietê
3506607,Biritiba-Mirim,8,Promotoria de Justiça Regional do Meio Ambiente do Cabeceiras
3506706,Boa Esperança do Sul,14,Promotoria de Justiça Regional do Meio Ambiente do Tietê/Jacaré
3506805,Bocaina,14,Promotoria de Justiça Regional do Meio Ambiente do Tietê/Jacaré
3506904,Bofete,11,Promotoria de Justiça Regional do Meio Ambiente do Tietê/Sorocaba
3507001,Boituva,11,Promotoria de Justiça Regional do Meio Ambiente do Tietê/Sorocaba
3507100,Bom Jesus dos Perdões,9,Promotoria de Justiça Regional do Meio Ambiente do PCJ Campinas-Atibaia
3507159,Bom Sucesso de Itararé,15,Promotoria de Justiça Regional do Meio Ambiente do Alto Paranapanema
3507209,Borá,7,Promotoria de Justiça Regional do Meio Ambiente do Médio Paranapanema
3507308,Boracéia,14,Promotoria de Justiça Regional do Meio Ambiente do Tietê/Jacaré
3507407,Borborema,17,Promotoria de Justiça Regional do Meio Ambiente do Tietê/Batalha
3507456,Borebi,14,Promotoria de Justiça Regional do Meio Ambiente do Tietê/Jacaré
3507506,Botucatu,11,Promotoria de Justiça Regional do Meio Ambiente do Tietê/Sorocaba
3507605,Bragança Paulista,9,Promotoria de Justiça Regional do Meio Ambiente do PCJ Campinas-Atibaia
3507704,Braúna,19,Promotoria de Justiça Regional do Meio Ambiente do Baixo Tietê
3507753,Brejo Alegre,19,Promotoria de Justiça Regional do Meio Ambiente do Baixo Tietê
3507803,Brodowski,1,Promotoria de Justiça Regional do Meio Ambiente do Pardo
3507902,Brotas,14,Promotoria de Justiça Regional do Meio Ambiente do Tietê/Jacaré
3508009,Buri,15,Promotoria de Justiça Regional do Meio Ambiente do Alto Paranapanema
3508108,Buritama,19,Promotoria de Justiça Regional do Meio Ambiente do Baixo Tietê
3508207,Buritizal,12,Promotoria de Justiça Regional do Meio Ambiente do Sapucaí/Grande
3508306,Cabrália Paulista,7,Promotoria de Justiça Regional do Meio Ambiente do Médio Paranapanema
3508405,Cabreúva,11,Promotoria de Justiça Regional do Meio Ambiente do Tietê/Sorocaba
3508504,Caçapava,3,Promotoria de Justiça Regional do Meio Ambiente do Paraíba do Sul
3508603,Cachoeira Paulista,3,Promotoria de Justiça Regional do Meio Ambiente do Paraíba do Sul
3508702,Caconde,1,Promotoria de Justiça Regional do Meio Ambiente do Pardo
3508801,Cafelândia,17,Promotoria de Justiça Regional do Meio Ambiente do Tietê/Batalha
3508900,Caiabu,6,Promotoria de Justiça Regional do Meio Ambiente do Pontal do Paranapanema
3509007,Caieiras,8,Promotoria de Justiça Regional do Meio Ambiente do Cabeceiras
3509106,Caiuá,6,Promotoria de Justiça Regional do Meio Ambiente do Pontal do Paranapanema
3509205,Cajamar,8,Promotoria de Justiça Regional do Meio Ambiente do Cabeceiras
3509254,Cajati,2,Promotoria de Justiça Regional do Meio Ambiente do Vale do Ribeira
3509304,Cajobi,16,Promotoria de Justiça Regional do Meio Ambiente do Turvo/Grande
3509403,Cajuru,1,Promotoria de Justiça Regional do Meio Ambiente do Pardo
3509452,Campina do Monte Alegre,15,Promotoria de Justiça Regional do Meio Ambiente do Alto Paranapanema
3509502,Campinas,9,Promotoria de Justiça Regional do Meio Ambiente do PCJ Campinas-Atibaia
3509601,Campo Limpo Paulista,9,Promotoria de Justiça Regional do Meio Ambiente do PCJ Campinas-Atibaia
3509700,Campos do Jordão,3,Promotoria de Justiça Regional do Meio Ambiente do Paraíba do Sul
3509809,Campos Novos Paulista,7,Promotoria de Justiça Regional do Meio Ambiente do Médio Paranapanema
3509908,Cananéia,2,Promotoria de Justiça Regional do Meio Ambiente do Vale do Ribeira
3509957,Canas,3,Promotoria de Justiça Regional do Meio Ambiente do Paraíba do Sul
3510005,Cândido Mota,7,Promotoria de Justiça Regional do Meio Ambiente do Médio Paranapanema
3510104,Cândido Rodrigues,17,Promotoria de Justiça Regional do Meio Ambiente do Tietê/Batalha
3510153,Canitar,7,Promotoria de Justiça Regional do Meio Ambiente do Médio Paranapanema
3510203,Capão Bonito,15,Promotoria de Justiça Regional do Meio Ambiente do Alto Paranapanema
3510302,Capela do Alto,11,Promotoria de Justiça Regional do Meio Ambiente do Tietê/Sorocaba
3510401,Capivari,10,Promotoria de Justiça Regional do Meio Ambiente do PCJ Piracicaba
3510500,Caraguatatuba,5,Promotoria de Justiça Regional do Meio Ambiente do Litoral Norte
3510609,Carapicuíba,22,Promotoria de Justiça Regional do Meio Ambiente do Cotia/Pirapora
3510708,Cardoso,16,Promotoria de Justiça Regional do Meio Ambiente do Turvo/Grande
3510807,Casa Branca,1,Promotoria de Justiça Regional do Meio Ambiente do Pardo
3510906,Cássia dos Coqueiros,1,Promotoria de Justiça Regional do Meio Ambiente do Pardo
3511003,Castilho,19,Promotoria de Justiça Regional do Meio Ambiente do Baixo Tietê
3511102,Catanduva,16,Promotoria de Justiça Regional do Meio Ambiente do Turvo/Grande
3511201,Catiguá,16,Promotoria de Justiça Regional do Meio Ambiente do Turvo/Grande
3511300,Cedral,16,Promotoria de Justiça Regional do Meio Ambiente do Turvo/Grande
3511409,Cerqueira César,15,Promotoria de Justiça Regional do Meio Ambiente do Alto Paranapanema
3511508,Cerquilho,11,Promotoria de Justiça Regional do Meio Ambiente do Tietê/Sorocaba
3511607,Cesário Lange,11,Promotoria de Justiça Regional do Meio Ambiente do Tietê/Sorocaba
3511706,Charqueada,10,Promotoria de Justiça Regional do Meio Ambiente do PCJ Piracicaba
3557204,Chavantes,7,Promotoria de Justiça Regional do Meio Ambiente do Médio Paranapanema
3511904,Clementina,19,Promotoria de Justiça Regional do Meio Ambiente do Baixo Tietê
3512001,Colina,13,Promotoria de Justiça Regional do Meio Ambiente do Baixo Pardo/Grande
3512100,Colômbia,13,Promotoria de Justiça Regional do Meio Ambiente do Baixo Pardo/Grande
3512209,Conchal,23,Promotoria de Justiça Regional do Meio Ambiente do Alto Mogi/Médio Mogi Superior
3512308,Conchas,11,Promotoria de Justiça Regional do Meio Ambiente do Tietê/Sorocaba
3512407,Cordeirópolis,10,Promotoria de Justiça Regional do Meio Ambiente do PCJ Piracicaba
3512506,Coroados,19,Promotoria de Justiça Regional do Meio Ambiente do Baixo Tietê
3512605,Coronel Macedo,15,Promotoria de Justiça Regional do Meio Ambiente do Alto Paranapanema
3512704,Corumbataí,10,Promotoria de Justiça Regional do Meio Ambiente do PCJ Piracicaba
3512803,Cosmópolis,9,Promotoria de Justiça Regional do Meio Ambiente do PCJ Campinas-Atibaia
3512902,Cosmorama,16,Promotoria de Justiça Regional do Meio Ambiente do Turvo/Grande
3513009,Cotia,22,Promotoria de Justiça Regional do Meio Ambiente do Cotia/Pirapora
3513108,Cravinhos,1,Promotoria de Justiça Regional do Meio Ambiente do Pardo
3513207,Cristais Paulista,12,Promotoria de Justiça Regional do Meio Ambiente do Sapucaí/Grande
3513306,Cruzália,7,Promotoria de Justiça Regional do Meio Ambiente do Médio Paranapanema
3513405,Cruzeiro,3,Promotoria de Justiça Regional do Meio Ambiente do Paraíba do Sul
3513504,Cubatão,4,Promotoria de Justiça Regional do Meio Ambiente do Paraíba do Sul/ Baixada
3513603,Cunha,3,Promotoria de Justiça Regional do Meio Ambiente do Paraíba do Sul
3513702,Descalvado,24,Promotoria de Justiça Regional do Meio Ambiente do Médio Mogi Inferior
3513801,Diadema,21,Promotoria de Justiça Regional do Meio Ambiente do Alto Tietê/Grande
3513850,Dirce Reis,18,Promotoria de Justiça Regional do Meio Ambiente do São José dos Dourados
3513900,Divinolândia,1,Promotoria de Justiça Regional do Meio Ambiente do Pardo
3514007,Dobrada,17,Promotoria de Justiça Regional do Meio Ambiente do Tietê/Batalha
3514106,Dois Córregos,14,Promotoria de Justiça Regional do Meio Ambiente do Tietê/Jacaré
3514205,Dolcinópolis,16,Promotoria de Justiça Regional do Meio Ambiente do Turvo/Grande
3514304,Dourado,14,Promotoria de Justiça Regional do Meio Ambiente do Tietê/Jacaré
3514403,Dracena,20,Promotoria de Justiça Regional do Meio Ambiente do Aguapeí/Peixe
3514502,Duartina,7,Promotoria de Justiça Regional do Meio Ambiente do Médio Paranapanema
3514601,Dumont,1,Promotoria de Justiça Regional do Meio Ambiente do Pardo
3514700,Echaporã,7,Promotoria de Justiça Regional do Meio Ambiente do Médio Paranapanema
3514809,Eldorado,2,Promotoria de Justiça Regional do Meio Ambiente do Vale do Ribeira
3514908,Elias Fausto,9,Promotoria de Justiça Regional do Meio Ambiente do PCJ Campinas-Atibaia
3514924,Elisiário,16,Promotoria de Justiça Regional do Meio Ambiente do Turvo/Grande
3514957,Embaúba,16,Promotoria de Justiça Regional do Meio Ambiente do Turvo/Grande
3515004,Embu das Artes,22,Promotoria de Justiça Regional do Meio Ambiente do Cotia/Pirapora
3515103,Embu-Guaçu,22,Promotoria de Justiça Regional do Meio Ambiente do Cotia/Pirapora
3515129,Emilianópolis,6,Promotoria de Justiça Regional do Meio Ambiente do Pontal do Paranapanema
3515152,Engenheiro Coelho,23,Promotoria de Justiça Regional do Meio Ambiente do Alto Mogi/Médio Mogi Superior
3515186,Espírito Santo do Pinhal,23,Promotoria de Justiça Regional do Meio Ambiente do Alto Mogi/Médio Mogi Superior
3515194,Espírito Santo do Turvo,7,Promotoria de Justiça Regional do Meio Ambiente do Médio Paranapanema
3557303,Estiva Gerbi,23,Promotoria de Justiça Regional do Meio Ambiente do Alto Mogi/Médio Mogi Superior
3515301,Estrela do Norte,6,Promotoria de Justiça Regional do Meio Ambiente do Pontal do Paranapanema
3515202,Estrela d'Oeste,16,Promotoria de Justiça Regional do Meio Ambiente do Turvo/Grande
3515350,Euclides da Cunha Paulista,6,Promotoria de Justiça Regional do Meio Ambiente do Pontal do Paranapanema
3515400,Fartura,15,Promotoria de Justiça Regional do Meio Ambiente do Alto Paranapanema
3515608,Fernando Prestes,17,Promotoria de Justiça Regional do Meio Ambiente do Tietê/Batalha
3515509,Fernandópolis,16,Promotoria de Justiça Regional do Meio Ambiente do Turvo/Grande
3515657,Fernão,7,Promotoria de Justiça Regional do Meio Ambiente do Médio Paranapanema
3515707,Ferraz de Vasconcelos,8,Promotoria de Justiça Regional do Meio Ambiente do Cabeceiras
3515806,Flora Rica,20,Promotoria de Justiça Regional do Meio Ambiente do Aguapeí/Peixe
3515905,Floreal,18,Promotoria de Justiça Regional do Meio Ambiente do São José dos Dourados
3516002,Flórida Paulista,20,Promotoria de Justiça Regional do Meio Ambiente do Aguapeí/Peixe
3516101,Florínea,7,Promotoria de Justiça Regional do Meio Ambiente do Médio Paranapanema
3516200,Franca,12,Promotoria de Justiça Regional do Meio Ambiente do Sapucaí/Grande
3516309,Francisco Morato,8,Promotoria de Justiça Regional do Meio Ambiente do Cabeceiras
3516408,Franco da Rocha,8,Promotoria de Justiça Regional do Meio Ambiente do Cabeceiras
3516507,Gabriel Monteiro,19,Promotoria de Justiça Regional do Meio Ambiente do Baixo Tietê
3516606,Gália,7,Promotoria de Justiça Regional do Meio Ambiente do Médio Paranapanema
3516705,Garça,20,Promotoria de Justiça Regional do Meio Ambiente do Aguapeí/Peixe
3516804,Gastão Vidigal,18,Promotoria de Justiça Regional do Meio Ambiente do São José dos Dourados
3516853,Gavião Peixoto,24,Promotoria de Justiça Regional do Meio Ambiente do Médio Mogi Inferior
3516903,General Salgado,18,Promotoria de Justiça Regional do Meio Ambiente do São José dos Dourados
3517000,Getulina,20,Promotoria de Justiça Regional do Meio Ambiente do Aguapeí/Peixe
3517109,Glicério,19,Promotoria de Justiça Regional do Meio Ambiente do Baixo Tietê
3517208,Guaiçara,17,Promotoria de Justiça Regional do Meio Ambiente do Tietê/Batalha
3517307,Guaimbê,20,Promotoria de Justiça Regional do Meio Ambiente do Aguapeí/Peixe
3517406,Guaíra,13,Promotoria de Justiça Regional do Meio Ambiente do Baixo Pardo/Grande
3517505,Guapiaçu,16,Promotoria de Justiça Regional do Meio Ambiente do Turvo/Grande
3517604,Guapiara,15,Promotoria de Justiça Regional do Meio Ambiente do Alto Paranapanema
3517703,Guará,12,Promotoria de Justiça Regional do Meio Ambiente do Sapucaí/Grande
3517802,Guaraçaí,19,Promotoria de Justiça Regional do Meio Ambiente do Baixo Tietê
3517901,Guaraci,16,Promotoria de Justiça Regional do Meio Ambiente do Turvo/Grande
3518008,Guarani d'Oeste,16,Promotoria de Justiça Regional do Meio Ambiente do Turvo/Grande
3518107,Guarantã,17,Promotoria de Justiça Regional do Meio Ambiente do Tietê/Batalha
3518206,Guararapes,19,Promotoria de Justiça Regional do Meio Ambiente do Baixo Tietê
3518305,Guararema,3,Promotoria de Justiça Regional do Meio Ambiente do Paraíba do Sul
3518404,Guaratinguetá,3,Promotoria de Justiça Regional do Meio Ambiente do Paraíba do Sul
3518503,Guareí,11,Promotoria de Justiça Regional do Meio Ambiente do Tietê/Sorocaba
3518602,Guariba,24,Promotoria de Justiça Regional do Meio Ambiente do Médio Mogi Inferior
3518701,Guarujá,4,Promotoria de Justiça Regional do Meio Ambiente do Paraíba do Sul/ Baixada
3518800,Guarulhos,8,Promotoria de Justiça Regional do Meio Ambiente do Cabeceiras
3518859,Guatapará,1,Promotoria de Justiça Regional do Meio Ambiente do Pardo
3518909,Guzolândia,18,Promotoria de Justiça Regional do Meio Ambiente do São José dos Dourados
3519006,Herculândia,20,Promotoria de Justiça Regional do Meio Ambiente do Aguapeí/Peixe
3519055,Holambra,9,Promotoria de Justiça Regional do Meio Ambiente do PCJ Campinas-Atibaia
3519071,Hortolândia,9,Promotoria de Justiça Regional do Meio Ambiente do PCJ Campinas-Atibaia
3519105,Iacanga,14,Promotoria de Justiça Regional do Meio Ambiente do Tietê/Jacaré
3519204,Iacri,20,Promotoria de Justiça Regional do Meio Ambiente do Aguapeí/Peixe
3519253,Iaras,15,Promotoria de Justiça Regional do Meio Ambiente do Alto Paranapanema
3519303,Ibaté,24,Promotoria de Justiça Regional do Meio Ambiente do Médio Mogi Inferior
3519402,Ibirá,16,Promotoria de Justiça Regional do Meio Ambiente do Turvo/Grande
3519501,Ibirarema,7,Promotoria de Justiça Regional do Meio Ambiente do Médio Paranapanema
3519600,Ibitinga,14,Promotoria de Justiça Regional do Meio Ambiente do Tietê/Jacaré
3519709,Ibiúna,11,Promotoria de Justiça Regional do Meio Ambiente do Tietê/Sorocaba
3519808,Icém,16,Promotoria de Justiça Regional do Meio Ambiente do Turvo/Grande
3519907,Iepê,6,Promotoria de Justiça Regional do Meio Ambiente do Pontal do Paranapanema
3520004,Igaraçu do Tietê,14,Promotoria de Justiça Regional do Meio Ambiente do Tietê/Jacaré
3520103,Igarapava,12,Promotoria de Justiça Regional do Meio Ambiente do Sapucaí/Grande
3520202,Igaratá,3,Promotoria de Justiça Regional do Meio Ambiente do Paraíba do Sul
3520301,Iguape,2,Promotoria de Justiça Regional do Meio Ambiente do Vale do Ribeira
3520426,Ilha Comprida,2,Promotoria de Justiça Regional do Meio Ambiente do Vale do Ribeira
3520442,Ilha Solteira,18,Promotoria de Justiça Regional do Meio Ambiente do São José dos Dourados
3520400,Ilhabela,5,Promotoria de Justiça Regional do Meio Ambiente do Litoral Norte
3520509,Indaiatuba,9,Promotoria de Justiça Regional do Meio Ambiente do PCJ Campinas-Atibaia
3520608,Indiana,6,Promotoria de Justiça Regional do Meio Ambiente do Pontal do Paranapanema
3520707,Indiaporã,16,Promotoria de Justiça Regional do Meio Ambiente do Turvo/Grande
3520806,Inúbia Paulista,20,Promotoria de Justiça Regional do Meio Ambiente do Aguapeí/Peixe
3520905,Ipaussu,15,Promotoria de Justiça Regional do Meio Ambiente do Alto Paranapanema
3521002,Iperó,11,Promotoria de Justiça Regional do Meio Ambiente do Tietê/Sorocaba
3521101,Ipeúna,10,Promotoria de Justiça Regional do Meio Ambiente do PCJ Piracicaba
3521150,Ipiguá,16,Promotoria de Justiça Regional do Meio Ambiente do Turvo/Grande
3521200,Iporanga,2,Promotoria de Justiça Regional do Meio Ambiente do Vale do Ribeira
3521309,Ipuã,12,Promotoria de Justiça Regional do Meio Ambiente do Sapucaí/Grande
3521408,Iracemápolis,10,Promotoria de Justiça Regional do Meio Ambiente do PCJ Piracicaba
3521507,Irapuã,17,Promotoria de Justiça Regional do Meio Ambiente do Tietê/Batalha
3521606,Irapuru,20,Promotoria de Justiça Regional do Meio Ambiente do Aguapeí/Peixe
3521705,Itaberá,15,Promotoria de Justiça Regional do Meio Ambiente do Alto Paranapanema
3521804,Itaí,15,Promotoria de Justiça Regional do Meio Ambiente do Alto Paranapanema
3521903,Itajobi,17,Promotoria de Justiça Regional do Meio Ambiente do Tietê/Batalha
3522000,Itaju,14,Promotoria de Justiça Regional do Meio Ambiente do Tietê/Jacaré
3522109,Itanhaém,4,Promotoria de Justiça Regional do Meio Ambiente do Paraíba do Sul/ Baixada
3522158,Itaóca,2,Promotoria de Justiça Regional do Meio Ambiente do Vale do Ribeira
3522208,Itapecerica da Serra,22,Promotoria de Justiça Regional do Meio Ambiente do Cotia/Pirapora
3522307,Itapetininga,15,Promotoria de Justiça Regional do Meio Ambiente do Alto Paranapanema
3522406,Itapeva,15,Promotoria de Justiça Regional do Meio Ambiente do Alto Paranapanema
3522505,Itapevi,22,Promotoria de Justiça Regional do Meio Ambiente do Cotia/Pirapora
3522604,Itapira,23,Promotoria de Justiça Regional do Meio Ambiente do Alto Mogi/Médio Mogi Superior
3522653,Itapirapuã Paulista,2,Promotoria de Justiça Regional do Meio Ambiente do Vale do Ribeira
3522703,Itápolis,17,Promotoria de Justiça Regional do Meio Ambiente do Tietê/Batalha
3522802,Itaporanga,15,Promotoria de Justiça Regional do Meio Ambiente do Alto Paranapanema
3522901,Itapuí,14,Promotoria de Justiça Regional do Meio Ambiente do Tietê/Jacaré
3523008,Itapura,18,Promotoria de Justiça Regional do Meio Ambiente do São José dos Dourados
3523107,Itaquaquecetuba,8,Promotoria de Justiça Regional do Meio Ambiente do Cabeceiras
3523206,Itararé,15,Promotoria de Justiça Regional do Meio Ambiente do Alto Paranapanema
3523305,Itariri,2,Promotoria de Justiça Regional do Meio Ambiente do Vale do Ribeira
3523404,Itatiba,9,Promotoria de Justiça Regional do Meio Ambiente do PCJ Campinas-Atibaia
3523503,Itatinga,15,Promotoria de Justiça Regional do Meio Ambiente do Alto Paranapanema
3523602,Itirapina,10,Promotoria de Justiça Regional do Meio Ambiente do PCJ Piracicaba
3523701,Itirapuã,12,Promotoria de Justiça Regional do Meio Ambiente do Sapucaí/Grande
3523800,Itobi,1,Promotoria de Justiça Regional do Meio Ambiente do Pardo
3523909,Itu,11,Promotoria de Justiça Regional do Meio Ambiente do Tietê/Sorocaba
3524006,Itupeva,9,Promotoria de Justiça Regional do Meio Ambiente do PCJ Campinas-Atibaia
3524105,Ituverava,12,Promotoria de Justiça Regional do Meio Ambiente do Sapucaí/Grande
3524204,Jaborandi,13,Promotoria de Justiça Regional do Meio Ambiente do Baixo Pardo/Grande
3524303,Jaboticabal,24,Promotoria de Justiça Regional do Meio Ambiente do Médio Mogi Inferior
3524402,Jacareí,3,Promotoria de Justiça Regional do Meio Ambiente do Paraíba do Sul
3524501,Jaci,16,Promotoria de Justiça Regional do Meio Ambiente do Turvo/Grande
3524600,Jacupiranga,2,Promotoria de Justiça Regional do Meio Ambiente do Vale do Ribeira
3524709,Jaguariúna,9,Promotoria de Justiça Regional do Meio Ambiente do PCJ Campinas-Atibaia
3524808,Jales,18,Promotoria de Justiça Regional do Meio Ambiente do São José dos Dourados
3524907,Jambeiro,3,Promotoria de Justiça Regional do Meio Ambiente do Paraíba do Sul
3525003,Jandira,22,Promotoria de Justiça Regional do Meio Ambiente do Cotia/Pirapora
3525102,Jardinópolis,1,Promotoria de Justiça Regional do Meio Ambiente do Pardo
3525201,Jarinu,9,Promotoria de Justiça Regional do Meio Ambiente do PCJ Campinas-Atibaia
3525300,Jaú,14,Promotoria de Justiça Regional do Meio Ambiente do Tietê/Jacaré
3525409,Jeriquara,12,Promotoria de Justiça Regional do Meio Ambiente do Sapucaí/Grande
3525508,Joanópolis,9,Promotoria de Justiça Regional do Meio Ambiente do PCJ Campinas-Atibaia
3525607,João Ramalho,20,Promotoria de Justiça Regional do Meio Ambiente do Aguapeí/Peixe
3525706,José Bonifácio,19,Promotoria de Justiça Regional do Meio Ambiente do Baixo Tietê
3525805,Júlio Mesquita,17,Promotoria de Justiça Regional do Meio Ambiente do Tietê/Batalha
3525854,Jumirim,11,Promotoria de Justiça Regional do Meio Ambiente do Tietê/Sorocaba
3525904,Jundiaí,9,Promotoria de Justiça Regional do Meio Ambiente do PCJ Campinas-Atibaia
3526001,Junqueirópolis,20,Promotoria de Justiça Regional do Meio Ambiente do Aguapeí/Peixe
3526100,Juquiá,2,Promotoria de Justiça Regional do Meio Ambiente do Vale do Ribeira
3526209,Juquitiba,22,Promotoria de Justiça Regional do Meio Ambiente do Cotia/Pirapora
3526308,Lagoinha,3,Promotoria de Justiça Regional do Meio Ambiente do Paraíba do Sul
3526407,Laranjal Paulista,11,Promotoria de Justiça Regional do Meio Ambiente do Tietê/Sorocaba
3526506,Lavínia,19,Promotoria de Justiça Regional do Meio Ambiente do Baixo Tietê
3526605,Lavrinhas,3,Promotoria de Justiça Regional do Meio Ambiente do Paraíba do Sul
3526704,Leme,23,Promotoria de Justiça Regional do Meio Ambiente do Alto Mogi/Médio Mogi Superior
3526803,Lençóis Paulista,14,Promotoria de Justiça Regional do Meio Ambiente do Tietê/Jacaré
3526902,Limeira,10,Promotoria de Justiça Regional do Meio Ambiente do PCJ Piracicaba
3527009,Lindóia,23,Promotoria de Justiça Regional do Meio Ambiente do Alto Mogi/Médio Mogi Superior
3527108,Lins,17,Promotoria de Justiça Regional do Meio Ambiente do Tietê/Batalha
3527207,Lorena,3,Promotoria de Justiça Regional do Meio Ambiente do Paraíba do Sul
3527256,Lourdes,19,Promotoria de Justiça Regional do Meio Ambiente do Baixo Tietê
3527306,Louveira,9,Promotoria de Justiça Regional do Meio Ambiente do PCJ Campinas-Atibaia
3527405,Lucélia,20,Promotoria de Justiça Regional do Meio Ambiente do Aguapeí/Peixe
3527504,Lucianópolis,7,Promotoria de Justiça Regional do Meio Ambiente do Médio Paranapanema
3527603,Luiz Antônio,1,Promotoria de Justiça Regional do Meio Ambiente do Pardo
3527702,Luiziânia,19,Promotoria de Justiça Regional do Meio Ambiente do Baixo Tietê
3527801,Lupércio,20,Promotoria de Justiça Regional do Meio Ambiente do Aguapeí/Peixe
3527900,Lutécia,7,Promotoria de Justiça Regional do Meio Ambiente do Médio Paranapanema
3528007,Macatuba,14,Promotoria de Justiça Regional do Meio Ambiente do Tietê/Jacaré
3528106,Macaubal,19,Promotoria de Justiça Regional do Meio Ambiente do Baixo Tietê
3528205,Macedônia,16,Promotoria de Justiça Regional do Meio Ambiente do Turvo/Grande
3528304,Magda,18,Promotoria de Justiça Regional do Meio Ambiente do São José dos Dourados
3528403,Mairinque,11,Promotoria de Justiça Regional do Meio Ambiente do Tietê/Sorocaba
3528502,Mairiporã,8,Promotoria de Justiça Regional do Meio Ambiente do Cabeceiras
3528601,Manduri,15,Promotoria de Justiça Regional do Meio Ambiente do Alto Paranapanema
3528700,Marabá Paulista,6,Promotoria de Justiça Regional do Meio Ambiente do Pontal do Paranapanema
3528809,Maracaí,7,Promotoria de Justiça Regional do Meio Ambiente do Médio Paranapanema
3528858,Marapoama,17,Promotoria de Justiça Regional do Meio Ambiente do Tietê/Batalha
3528908,Mariápolis,20,Promotoria de Justiça Regional do Meio Ambiente do Aguapeí/Peixe
3529005,Marília,20,Promotoria de Justiça Regional do Meio Ambiente do Aguapeí/Peixe
3529104,Marinópolis,18,Promotoria de Justiça Regional do Meio Ambiente do São José dos Dourados
3529203,Martinópolis,6,Promotoria de Justiça Regional do Meio Ambiente do Pontal do Paranapanema
3529302,Matão,17,Promotoria de Justiça Regional do Meio Ambiente do Tietê/Batalha
3529401,Mauá,21,Promotoria de Justiça Regional do Meio Ambiente do Alto Tietê/Grande
3529500,Mendonça,19,Promotoria de Justiça Regional do Meio Ambiente do Baixo Tietê
3529609,Meridiano,16,Promotoria de Justiça Regional do Meio Ambiente do Turvo/Grande
3529658,Mesópolis,18,Promotoria de Justiça Regional do Meio Ambiente do São José dos Dourados
3529708,Miguelópolis,12,Promotoria de Justiça Regional do Meio Ambiente do Sapucaí/Grande
3529807,Mineiros do Tietê,14,Promotoria de Justiça Regional do Meio Ambiente do Tietê/Jacaré
3530003,Mira Estrela,16,Promotoria de Justiça Regional do Meio Ambiente do Turvo/Grande
3529906,Miracatu,2,Promotoria de Justiça Regional do Meio Ambiente do Vale do Ribeira
3530102,Mirandópolis,19,Promotoria de Justiça Regional do Meio Ambiente do Baixo Tietê
3530201,Mirante do Paranapanema,6,Promotoria de Justiça Regional do Meio Ambiente do Pontal do Paranapanema
3530300,Mirassol,16,Promotoria de Justiça Regional do Meio Ambiente do Turvo/Grande
3530409,Mirassolândia,16,Promotoria de Justiça Regional do Meio Ambiente do Turvo/Grande
3530508,Mococa,1,Promotoria de Justiça Regional do Meio Ambiente do Pardo
3530706,Mogi Guaçu,23,Promotoria de Justiça Regional do Meio Ambiente do Alto Mogi/Médio Mogi Superior
3530607,Mogi das Cruzes,8,Promotoria de Justiça Regional do Meio Ambiente do Cabeceiras
3530805,Mogi Mirim,23,Promotoria de Justiça Regional do Meio Ambiente do Alto Mogi/Médio Mogi Superior
3530904,Mombuca,10,Promotoria de Justiça Regional do Meio Ambiente do PCJ Piracicaba
3531001,Monções,18,Promotoria de Justiça Regional do Meio Ambiente do São José dos Dourados
3531100,Mongaguá,4,Promotoria de Justiça Regional do Meio Ambiente do Paraíba do Sul/ Baixada
3531209,Monte Alegre do Sul,9,Promotoria de Justiça Regional do Meio Ambiente do PCJ Campinas-Atibaia
3531308,Monte Alto,16,Promotoria de Justiça Regional do Meio Ambiente do Turvo/Grande
3531407,Monte Aprazível,18,Promotoria de Justiça Regional do Meio Ambiente do São José dos Dourados
3531506,Monte Azul Paulista,16,Promotoria de Justiça Regional do Meio Ambiente do Turvo/Grande
3531605,Monte Castelo,20,Promotoria de Justiça Regional do Meio Ambiente do Aguapeí/Peixe
3531803,Monte Mor,9,Promotoria de Justiça Regional do Meio Ambiente do PCJ Campinas-Atibaia
3531704,Monteiro Lobato,3,Promotoria de Justiça Regional do Meio Ambiente do Paraíba do Sul
3531902,Morro Agudo,13,Promotoria de Justiça Regional do Meio Ambiente do Baixo Pardo/Grande
3532009,Morungaba,9,Promotoria de Justiça Regional do Meio Ambiente do PCJ Campinas-Atibaia
3532058,Motuca,24,Promotoria de Justiça Regional do Meio Ambiente do Médio Mogi Inferior
3532108,Murutinga do Sul,19,Promotoria de Justiça Regional do Meio Ambiente do Baixo Tietê
3532157,Nantes,6,Promotoria de Justiça Regional do Meio Ambiente do Pontal do Paranapanema
3532207,Narandiba,6,Promotoria de Justiça Regional do Meio Ambiente do Pontal do Paranapanema
3532306,Natividade da Serra,3,Promotoria de Justiça Regional do Meio Ambiente do Paraíba do Sul
3532405,Nazaré Paulista,9,Promotoria de Justiça Regional do Meio Ambiente do PCJ Campinas-Atibaia
3532504,Neves Paulista,18,Promotoria de Justiça Regional do Meio Ambiente do São José dos Dourados
3532603,Nhandeara,18,Promotoria de Justiça Regional do Meio Ambiente do São José dos Dourados
3532702,Nipoã,18,Promotoria de Justiça Regional do Meio Ambiente do São José dos Dourados
3532801,Nova Aliança,17,Promotoria de Justiça Regional do Meio Ambiente do Tietê/Batalha
3532827,Nova Campina,15,Promotoria de Justiça Regional do Meio Ambiente do Alto Paranapanema
3532843,Nova Canaã Paulista,18,Promotoria de Justiça Regional do Meio Ambiente do São José dos Dourados
3532868,Nova Castilho,18,Promotoria de Justiça Regional do Meio Ambiente do São José dos Dourados
3532900,Nova Europa,24,Promotoria de Justiça Regional do Meio Ambiente do Médio Mogi Inferior
3533007,Nova Granada,16,Promotoria de Justiça Regional do Meio Ambiente do Turvo/Grande
3533106,Nova Guataporanga,20,Promotoria de Justiça Regional do Meio Ambiente do Aguapeí/Peixe
3533205,Nova Independência,19,Promotoria de Justiça Regional do Meio Ambiente do Baixo Tietê
3533304,Nova Luzitânia,18,Promotoria de Justiça Regional do Meio Ambiente do São José dos Dourados
3533403,Nova Odessa,9,Promotoria de Justiça Regional do Meio Ambiente do PCJ Campinas-Atibaia
3533254,Novais,16,Promotoria de Justiça Regional do Meio Ambiente do Turvo/Grande
3533502,Novo Horizonte,17,Promotoria de Justiça Regional do Meio Ambiente do Tietê/Batalha
3533601,Nuporanga,12,Promotoria de Justiça Regional do Meio Ambiente do Sapucaí/Grande
3533700,Ocauçu,20,Promotoria de Justiça Regional do Meio Ambiente do Aguapeí/Peixe
3533809,Óleo,15,Promotoria de Justiça Regional do Meio Ambiente do Alto Paranapanema
3533908,Olímpia,16,Promotoria de Justiça Regional do Meio Ambiente do Turvo/Grande
3534005,Onda Verde,16,Promotoria de Justiça Regional do Meio Ambiente do Turvo/Grande
3534104,Oriente,20,Promotoria de Justiça Regional do Meio Ambiente do Aguapeí/Peixe
3534203,Orindiúva,16,Promotoria de Justiça Regional do Meio Ambiente do Turvo/Grande
3534302,Orlândia,13,Promotoria de Justiça Regional do Meio Ambiente do Baixo Pardo/Grande
3534401,Osasco,22,Promotoria de Justiça Regional do Meio Ambiente do Cotia/Pirapora
3534500,Oscar Bressane,7,Promotoria de Justiça Regional do Meio Ambiente do Médio Paranapanema
3534609,Osvaldo Cruz,20,Promotoria de Justiça Regional do Meio Ambiente do Aguapeí/Peixe
3534708,Ourinhos,7,Promotoria de Justiça Regional do Meio Ambiente do Médio Paranapanema
3534807,Ouro Verde,20,Promotoria de Justiça Regional do Meio Ambiente do Aguapeí/Peixe
3534757,Ouroeste,16,Promotoria de Justiça Regional do Meio Ambiente do Turvo/Grande
3534906,Pacaembu,20,Promotoria de Justiça Regional do Meio Ambiente do Aguapeí/Peixe
3535002,Palestina,16,Promotoria de Justiça Regional do Meio Ambiente do Turvo/Grande
3535101,Palmares Paulista,16,Promotoria de Justiça Regional do Meio Ambiente do Turvo/Grande
3535200,Palmeira d'Oeste,18,Promotoria de Justiça Regional do Meio Ambiente do São José dos Dourados
3535309,Palmital,7,Promotoria de Justiça Regional do Meio Ambiente do Médio Paranapanema
3535408,Panorama,20,Promotoria de Justiça Regional do Meio Ambiente do Aguapeí/Peixe
3535507,Paraguaçu Paulista,7,Promotoria de Justiça Regional do Meio Ambiente do Médio Paranapanema
3535606,Paraibuna,3,Promotoria de Justiça Regional do Meio Ambiente do Paraíba do Sul
3535705,Paraíso,16,Promotoria de Justiça Regional do Meio Ambiente do Turvo/Grande
3535804,Paranapanema,15,Promotoria de Justiça Regional do Meio Ambiente do Alto Paranapanema
3535903,Paranapuã,18,Promotoria de Justiça Regional do Meio Ambiente do São José dos Dourados
3536000,Parapuã,20,Promotoria de Justiça Regional do Meio Ambiente do Aguapeí/Peixe
3536109,Pardinho,11,Promotoria de Justiça Regional do Meio Ambiente do Tietê/Sorocaba
3536208,Pariquera-Açu,2,Promotoria de Justiça Regional do Meio Ambiente do Vale do Ribeira
3536257,Parisi,16,Promotoria de Justiça Regional do Meio Ambiente do Turvo/Grande
3536307,Patrocínio Paulista,12,Promotoria de Justiça Regional do Meio Ambiente do Sapucaí/Grande
3536406,Paulicéia,20,Promotoria de Justiça Regional do Meio Ambiente do Aguapeí/Peixe
3536505,Paulínia,9,Promotoria de Justiça Regional do Meio Ambiente do PCJ Campinas-Atibaia
3536570,Paulistânia,7,Promotoria de Justiça Regional do Meio Ambiente do Médio Paranapanema
3536604,Paulo de Faria,16,Promotoria de Justiça Regional do Meio Ambiente do Turvo/Grande
3536703,Pederneiras,14,Promotoria de Justiça Regional do Meio Ambiente do Tietê/Jacaré
3536802,Pedra Bela,9,Promotoria de Justiça Regional do Meio Ambiente do PCJ Campinas-Atibaia
3536901,Pedranópolis,16,Promotoria de Justiça Regional do Meio Ambiente do Turvo/Grande
3537008,Pedregulho,12,Promotoria de Justiça Regional do Meio Ambiente do Sapucaí/Grande
3537107,Pedreira,9,Promotoria de Justiça Regional do Meio Ambiente do PCJ Campinas-Atibaia
3537156,Pedrinhas Paulista,7,Promotoria de Justiça Regional do Meio Ambiente do Médio Paranapanema
3537206,Pedro de Toledo,2,Promotoria de Justiça Regional do Meio Ambiente do Vale do Ribeira
3537305,Penápolis,19,Promotoria de Justiça Regional do Meio Ambiente do Baixo Tietê
3537404,Pereira Barreto,19,Promotoria de Justiça Regional do Meio Ambiente do Baixo Tietê
3537503,Pereiras,11,Promotoria de Justiça Regional do Meio Ambiente do Tietê/Sorocaba
3537602,Peruíbe,4,Promotoria de Justiça Regional do Meio Ambiente do Paraíba do Sul/ Baixada
3537701,Piacatu,19,Promotoria de Justiça Regional do Meio Ambiente do Baixo Tietê
3537800,Piedade,11,Promotoria de Justiça Regional do Meio Ambiente do Tietê/Sorocaba
3537909,Pilar do Sul,15,Promotoria de Justiça Regional do Meio Ambiente do Alto Paranapanema
3538006,Pindamonhangaba,3,Promotoria de Justiça Regional do Meio Ambiente do Paraíba do Sul
3538105,Pindorama,16,Promotoria de Justiça Regional do Meio Ambiente do Turvo/Grande
3538204,Pinhalzinho,9,Promotoria de Justiça Regional do Meio Ambiente do PCJ Campinas-Atibaia
3538303,Piquerobi,6,Promotoria de Justiça Regional do Meio Ambiente do Pontal do Paranapanema
3538501,Piquete,3,Promotoria de Justiça Regional do Meio Ambiente do Paraíba do Sul
3538600,Piracaia,9,Promotoria de Justiça Regional do Meio Ambiente do PCJ Campinas-Atibaia
3538709,Piracicaba,10,Promotoria de Justiça Regional do Meio Ambiente do PCJ Piracicaba
3538808,Piraju,15,Promotoria de Justiça Regional do Meio Ambiente do Alto Paranapanema
3538907,Pirajuí,17,Promotoria de Justiça Regional do Meio Ambiente do Tietê/Batalha
3539004,Pirangi,16,Promotoria de Justiça Regional do Meio Ambiente do Turvo/Grande
3539103,Pirapora do Bom Jesus,22,Promotoria de Justiça Regional do Meio Ambiente do Cotia/Pirapora
3539202,Pirapozinho,6,Promotoria de Justiça Regional do Meio Ambiente do Pontal do Paranapanema
3539301,Pirassununga,23,Promotoria de Justiça Regional do Meio Ambiente do Alto Mogi/Médio Mogi Superior
3539400,Piratininga,7,Promotoria de Justiça Regional do Meio Ambiente do Médio Paranapanema
3539509,Pitangueiras,24,Promotoria de Justiça Regional do Meio Ambiente do Médio Mogi Inferior
3539608,Planalto,19,Promotoria de Justiça Regional do Meio Ambiente do Baixo Tietê
3539707,Platina,7,Promotoria de Justiça Regional do Meio Ambiente do Médio Paranapanema
3539806,Poá,8,Promotoria de Justiça Regional do Meio Ambiente do Cabeceiras
3539905,Poloni,18,Promotoria de Justiça Regional do Meio Ambiente do São José dos Dourados
3540002,Pompéia,20,Promotoria de Justiça Regional do Meio Ambiente do Aguapeí/Peixe
3540101,Pongaí,17,Promotoria de Justiça Regional do Meio Ambiente do Tietê/Batalha
3540200,Pontal,1,Promotoria de Justiça Regional do Meio Ambiente do Pardo
3540259,Pontalinda,18,Promotoria de Justiça Regional do Meio Ambiente do São José dos Dourados
3540309,Pontes Gestal,16,Promotoria de Justiça Regional do Meio Ambiente do Turvo/Grande
3540408,Populina,16,Promotoria de Justiça Regional do Meio Ambiente do Turvo/Grande
3540507,Porangaba,11,Promotoria de Justiça Regional do Meio Ambiente do Tietê/Sorocaba
3540606,Porto Feliz,11,Promotoria de Justiça Regional do Meio Ambiente do Tietê/Sorocaba
3540705,Porto Ferreira,23,Promotoria de Justiça Regional do Meio Ambiente do Alto Mogi/Médio Mogi Superior
3540754,Potim,3,Promotoria de Justiça Regional do Meio Ambiente do Paraíba do Sul
3540804,Potirendaba,17,Promotoria de Justiça Regional do Meio Ambiente do Tietê/Batalha
3540853,Pracinha,20,Promotoria de Justiça Regional do Meio Ambiente do Aguapeí/Peixe
3540903,Pradópolis,24,Promotoria de Justiça Regional do Meio Ambiente do Médio Mogi Inferior
3541000,Praia Grande,4,Promotoria de Justiça Regional do Meio Ambiente do Paraíba do Sul/ Baixada
3541059,Pratânia,14,Promotoria de Justiça Regional do Meio Ambiente do Tietê/Jacaré
3541109,Presidente Alves,17,Promotoria de Justiça Regional do Meio Ambiente do Tietê/Batalha
3541208,Presidente Bernardes,6,Promotoria de Justiça Regional do Meio Ambiente do Pontal do Paranapanema
3541307,Presidente Epitácio,6,Promotoria de Justiça Regional do Meio Ambiente do Pontal do Paranapanema
3541406,Presidente Prudente,6,Promotoria de Justiça Regional do Meio Ambiente do Pontal do Paranapanema
3541505,Presidente Venceslau,6,Promotoria de Justiça Regional do Meio Ambiente do Pontal do Paranapanema
3541604,Promissão,19,Promotoria de Justiça Regional do Meio Ambiente do Baixo Tietê
3541653,Quadra,11,Promotoria de Justiça Regional do Meio Ambiente do Tietê/Sorocaba
3541703,Quatá,20,Promotoria de Justiça Regional do Meio Ambiente do Aguapeí/Peixe
3541802,Queiroz,20,Promotoria de Justiça Regional do Meio Ambiente do Aguapeí/Peixe
3541901,Queluz,3,Promotoria de Justiça Regional do Meio Ambiente do Paraíba do Sul
3542008,Quintana,20,Promotoria de Justiça Regional do Meio Ambiente do Aguapeí/Peixe
3542107,Rafard,10,Promotoria de Justiça Regional do Meio Ambiente do PCJ Piracicaba
3542206,Rancharia,6,Promotoria de Justiça Regional do Meio Ambiente do Pontal do Paranapanema
3542305,Redenção da Serra,3,Promotoria de Justiça Regional do Meio Ambiente do Paraíba do Sul
3542404,Regente Feijó,6,Promotoria de Justiça Regional do Meio Ambiente do Pontal do Paranapanema
3542503,Reginópolis,17,Promotoria de Justiça Regional do Meio Ambiente do Tietê/Batalha
3542602,Registro,2,Promotoria de Justiça Regional do Meio Ambiente do Vale do Ribeira
3542701,Restinga,12,Promotoria de Justiça Regional do Meio Ambiente do Sapucaí/Grande
3542800,Ribeira,2,Promotoria de Justiça Regional do Meio Ambiente do Vale do Ribeira
3542909,Ribeirão Bonito,14,Promotoria de Justiça Regional do Meio Ambiente do Tietê/Jacaré
3543006,Ribeirão Branco,15,Promotoria de Justiça Regional do Meio Ambiente do Alto Paranapanema
3543105,Ribeirão Corrente,12,Promotoria de Justiça Regional do Meio Ambiente do Sapucaí/Grande
3543204,Ribeirão do Sul,7,Promotoria de Justiça Regional do Meio Ambiente do Médio Paranapanema
3543238,Ribeirão dos Índios,6,Promotoria de Justiça Regional do Meio Ambiente do Pontal do Paranapanema
3543253,Ribeirão Grande,15,Promotoria de Justiça Regional do Meio Ambiente do Alto Paranapanema
3543303,Ribeirão Pires,21,Promotoria de Justiça Regional do Meio Ambiente do Alto Tietê/Grande
3543402,Ribeirão Preto,1,Promotoria de Justiça Regional do Meio Ambiente do Pardo
3543600,Rifaina,12,Promotoria de Justiça Regional do Meio Ambiente do Sapucaí/Grande
3543709,Rincão,24,Promotoria de Justiça Regional do Meio Ambiente do Médio Mogi Inferior
3543808,Rinópolis,20,Promotoria de Justiça Regional do Meio Ambiente do Aguapeí/Peixe
3543907,Rio Claro,10,Promotoria de Justiça Regional do Meio Ambiente do PCJ Piracicaba
3544004,Rio das Pedras,10,Promotoria de Justiça Regional do Meio Ambiente do PCJ Piracicaba
3544103,Rio Grande da Serra,21,Promotoria de Justiça Regional do Meio Ambiente do Alto Tietê/Grande
3544202,Riolândia,16,Promotoria de Justiça Regional do Meio Ambiente do Turvo/Grande
3543501,Riversul,15,Promotoria de Justiça Regional do Meio Ambiente do Alto Paranapanema
3544251,Rosana,6,Promotoria de Justiça Regional do Meio Ambiente do Pontal do Paranapanema
3544301,Roseira,3,Promotoria de Justiça Regional do Meio Ambiente do Paraíba do Sul
3544400,Rubiácea,19,Promotoria de Justiça Regional do Meio Ambiente do Baixo Tietê
3544509,Rubinéia,18,Promotoria de Justiça Regional do Meio Ambiente do São José dos Dourados
3544608,Sabino,17,Promotoria de Justiça Regional do Meio Ambiente do Tietê/Batalha
3544707,Sagres,20,Promotoria de Justiça Regional do Meio Ambiente do Aguapeí/Peixe
3544806,Sales,17,Promotoria de Justiça Regional do Meio Ambiente do Tietê/Batalha
3544905,Sales Oliveira,12,Promotoria de Justiça Regional do Meio Ambiente do Sapucaí/Grande
3545001,Salesópolis,8,Promotoria de Justiça Regional do Meio Ambiente do Cabeceiras
3545100,Salmourão,20,Promotoria de Justiça Regional do Meio Ambiente do Aguapeí/Peixe
3545159,Saltinho,10,Promotoria de Justiça Regional do Meio Ambiente do PCJ Piracicaba
3545209,Salto,11,Promotoria de Justiça Regional do Meio Ambiente do Tietê/Sorocaba
3545308,Salto de Pirapora,11,Promotoria de Justiça Regional do Meio Ambiente do Tietê/Sorocaba
3545407,Salto Grande,7,Promotoria de Justiça Regional do Meio Ambiente do Médio Paranapanema
3545506,Sandovalina,6,Promotoria de Justiça Regional do Meio Ambiente do Pontal do Paranapanema
3545605,Santa Adélia,16,Promotoria de Justiça Regional do Meio Ambiente do Turvo/Grande
3545704,Santa Albertina,18,Promotoria de Justiça Regional do Meio Ambiente do São José dos Dourados
3545803,Santa Bárbara d'Oeste,10,Promotoria de Justiça Regional do Meio Ambiente do PCJ Piracicaba
3546009,Santa Branca,3,Promotoria de Justiça Regional do Meio Ambiente do Paraíba do Sul
3546108,Santa Clara d'Oeste,18,Promotoria de Justiça Regional do Meio Ambiente do São José dos Dourados
3546207,Santa Cruz da Conceição,23,Promotoria de Justiça Regional do Meio Ambiente do Alto Mogi/Médio Mogi Superior
3546256,Santa Cruz da Esperança,1,Promotoria de Justiça Regional do Meio Ambiente do Pardo
3546306,Santa Cruz das Palmeiras,23,Promotoria de Justiça Regional do Meio Ambiente do Alto Mogi/Médio Mogi Superior
3546405,Santa Cruz do Rio Pardo,7,Promotoria de Justiça Regional do Meio Ambiente do Médio Paranapanema
3546504,Santa Ernestina,17,Promotoria de Justiça Regional do Meio Ambiente do Tietê/Batalha
3546603,Santa Fé do Sul,18,Promotoria de Justiça Regional do Meio Ambiente do São José dos Dourados
3546702,Santa Gertrudes,10,Promotoria de Justiça Regional do Meio Ambiente do PCJ Piracicaba
3546801,Santa Isabel,3,Promotoria de Justiça Regional do Meio Ambiente do Paraíba do Sul
3546900,Santa Lúcia,24,Promotoria de Justiça Regional do Meio Ambiente do Médio Mogi Inferior
3547007,Santa Maria da Serra,10,Promotoria de Justiça Regional do Meio Ambiente do PCJ Piracicaba
3547106,Santa Mercedes,20,Promotoria de Justiça Regional do Meio Ambiente do Aguapeí/Peixe
3547502,Santa Rita do Passa Quatro,24,Promotoria de Justiça Regional do Meio Ambiente do Médio Mogi Inferior
3547403,Santa Rita d'Oeste,18,Promotoria de Justiça Regional do Meio Ambiente do São José dos Dourados
3547601,Santa Rosa de Viterbo,1,Promotoria de Justiça Regional do Meio Ambiente do Pardo
3547650,Santa Salete,18,Promotoria de Justiça Regional do Meio Ambiente do São José dos Dourados
3547205,Santana da Ponte Pensa,18,Promotoria de Justiça Regional do Meio Ambiente do São José dos Dourados
3547304,Santana de Parnaíba,22,Promotoria de Justiça Regional do Meio Ambiente do Cotia/Pirapora
3547700,Santo Anastácio,6,Promotoria de Justiça Regional do Meio Ambiente do Pontal do Paranapanema
3547809,Santo André,21,Promotoria de Justiça Regional do Meio Ambiente do Alto Tietê/Grande
3547908,Santo Antônio da Alegria,1,Promotoria de Justiça Regional do Meio Ambiente do Pardo
3548005,Santo Antônio de Posse,9,Promotoria de Justiça Regional do Meio Ambiente do PCJ Campinas-Atibaia
3548054,Santo Antônio do Aracanguá,19,Promotoria de Justiça Regional do Meio Ambiente do Baixo Tietê
3548104,Santo Antônio do Jardim,23,Promotoria de Justiça Regional do Meio Ambiente do Alto Mogi/Médio Mogi Superior
3548203,Santo Antônio do Pinhal,3,Promotoria de Justiça Regional do Meio Ambiente do Paraíba do Sul
3548302,Santo Expedito,6,Promotoria de Justiça Regional do Meio Ambiente do Pontal do Paranapanema
3548401,Santópolis do Aguapeí,19,Promotoria de Justiça Regional do Meio Ambiente do Baixo Tietê
3548500,Santos,4,Promotoria de Justiça Regional do Meio Ambiente do Paraíba do Sul/ Baixada
3548609,São Bento do Sapucaí,3,Promotoria de Justiça Regional do Meio Ambiente do Paraíba do Sul
3548708,São Bernardo do Campo,21,Promotoria de Justiça Regional do Meio Ambiente do Alto Tietê/Grande
3548807,São Caetano do Sul,21,Promotoria de Justiça Regional do Meio Ambiente do Alto Tietê/Grande
3548906,São Carlos,24,Promotoria de Justiça Regional do Meio Ambiente do Médio Mogi Inferior
3549003,São Francisco,18,Promotoria de Justiça Regional do Meio Ambiente do São José dos Dourados
3549102,São João da Boa Vista,23,Promotoria de Justiça Regional do Meio Ambiente do Alto Mogi/Médio Mogi Superior
3549201,São João das Duas Pontes,16,Promotoria de Justiça Regional do Meio Ambiente do Turvo/Grande
3549250,São João de Iracema,18,Promotoria de Justiça Regional do Meio Ambiente do São José dos Dourados
3549300,São João do Pau d'Alho,20,Promotoria de Justiça Regional do Meio Ambiente do Aguapeí/Peixe
3549409,São Joaquim da Barra,12,Promotoria de Justiça Regional do Meio Ambiente do Sapucaí/Grande
3549508,São José da Bela Vista,12,Promotoria de Justiça Regional do Meio Ambiente do Sapucaí/Grande
3549607,São José do Barreiro,3,Promotoria de Justiça Regional do Meio Ambiente do Paraíba do Sul
3549706,São José do Rio Pardo,1,Promotoria de Justiça Regional do Meio Ambiente do Pardo
3549805,São José do Rio Preto,16,Promotoria de Justiça Regional do Meio Ambiente do Turvo/Grande
3549904,São José dos Campos,3,Promotoria de Justiça Regional do Meio Ambiente do Paraíba do Sul
3549953,São Lourenço da Serra,22,Promotoria de Justiça Regional do Meio Ambiente do Cotia/Pirapora
3550001,São Luiz do Paraitinga,3,Promotoria de Justiça Regional do Meio Ambiente do Paraíba do Sul
3550100,São Manuel,14,Promotoria de Justiça Regional do Meio Ambiente do Tietê/Jacaré
3550209,São Miguel Arcanjo,15,Promotoria de Justiça Regional do Meio Ambiente do Alto Paranapanema
3550308,São Paulo,21,Promotoria de Justiça Regional do Meio Ambiente do Alto Tietê/Grande
3550407,São Pedro,10,Promotoria de Justiça Regional do Meio Ambiente do PCJ Piracicaba
3550506,São Pedro do Turvo,7,Promotoria de Justiça Regional do Meio Ambiente do Médio Paranapanema
3550605,São Roque,11,Promotoria de Justiça Regional do Meio Ambiente do Tietê/Sorocaba
3550704,São Sebastião,5,Promotoria de Justiça Regional do Meio Ambiente do Litoral Norte
3550803,São Sebastião da Grama,1,Promotoria de Justiça Regional do Meio Ambiente do Pardo
3550902,São Simão,1,Promotoria de Justiça Regional do Meio Ambiente do Pardo
3551009,São Vicente,4,Promotoria de Justiça Regional do Meio Ambiente do Paraíba do Sul/ Baixada
3551108,Sarapuí,15,Promotoria de Justiça Regional do Meio Ambiente do Alto Paranapanema
3551207,Sarutaiá,15,Promotoria de Justiça Regional do Meio Ambiente do Alto Paranapanema
3551306,Sebastianópolis do Sul,18,Promotoria de Justiça Regional do Meio Ambiente do São José dos Dourados
3551405,Serra Azul,1,Promotoria de Justiça Regional do Meio Ambiente do Pardo
3551603,Serra Negra,23,Promotoria de Justiça Regional do Meio Ambiente do Alto Mogi/Médio Mogi Superior
3551504,Serrana,1,Promotoria de Justiça Regional do Meio Ambiente do Pardo
3551702,Sertãozinho,1,Promotoria de Justiça Regional do Meio Ambiente do Pardo
3551801,Sete Barras,2,Promotoria de Justiça Regional do Meio Ambiente do Vale do Ribeira
3551900,Severínia,16,Promotoria de Justiça Regional do Meio Ambiente do Turvo/Grande
3552007,Silveiras,3,Promotoria de Justiça Regional do Meio Ambiente do Paraíba do Sul
3552106,Socorro,23,Promotoria de Justiça Regional do Meio Ambiente do Alto Mogi/Médio Mogi Superior
3552205,Sorocaba,11,Promotoria de Justiça Regional do Meio Ambiente do Tietê/Sorocaba
3552304,Sud Mennucci,19,Promotoria de Justiça Regional do Meio Ambiente do Baixo Tietê
3552403,Sumaré,9,Promotoria de Justiça Regional do Meio Ambiente do PCJ Campinas-Atibaia
3552551,Suzanápolis,19,Promotoria de Justiça Regional do Meio Ambiente do Baixo Tietê
3552502,Suzano,8,Promotoria de Justiça Regional do Meio Ambiente do Cabeceiras
3552601,Tabapuã,16,Promotoria de Justiça Regional do Meio Ambiente do Turvo/Grande
3552700,Tabatinga,14,Promotoria de Justiça Regional do Meio Ambiente do Tietê/Jacaré
3552809,Taboão da Serra,22,Promotoria de Justiça Regional do Meio Ambiente do Cotia/Pirapora
3552908,Taciba,6,Promotoria de Justiça Regional do Meio Ambiente do Pontal do Paranapanema
3553005,Taguaí,15,Promotoria de Justiça Regional do Meio Ambiente do Alto Paranapanema
3553104,Taiaçu,24,Promotoria de Justiça Regional do Meio Ambiente do Médio Mogi Inferior
3553203,Taiúva,24,Promotoria de Justiça Regional do Meio Ambiente do Médio Mogi Inferior
3553302,Tambaú,1,Promotoria de Justiça Regional do Meio Ambiente do Pardo
3553401,Tanabi,16,Promotoria de Justiça Regional do Meio Ambiente do Turvo/Grande
3553500,Tapiraí,11,Promotoria de Justiça Regional do Meio Ambiente do Tietê/Sorocaba
3553609,Tapiratiba,1,Promotoria de Justiça Regional do Meio Ambiente do Pardo
3553658,Taquaral,24,Promotoria de Justiça Regional do Meio Ambiente do Médio Mogi Inferior
3553708,Taquaritinga,17,Promotoria de Justiça Regional do Meio Ambiente do Tietê/Batalha
3553807,Taquarituba,15,Promotoria de Justiça Regional do Meio Ambiente do Alto Paranapanema
3553856,Taquarivaí,15,Promotoria de Justiça Regional do Meio Ambiente do Alto Paranapanema
3553906,Tarabai,6,Promotoria de Justiça Regional do Meio Ambiente do Pontal do Paranapanema
3553955,Tarumã,7,Promotoria de Justiça Regional do Meio Ambiente do Médio Paranapanema
3554003,Tatuí,11,Promotoria de Justiça Regional do Meio Ambiente do Tietê/Sorocaba
3554102,Taubaté,3,Promotoria de Justiça Regional do Meio Ambiente do Paraíba do Sul
3554201,Tejupá,15,Promotoria de Justiça Regional do Meio Ambiente do Alto Paranapanema
3554300,Teodoro Sampaio,6,Promotoria de Justiça Regional do Meio Ambiente do Pontal do Paranapanema
3554409,Terra Roxa,13,Promotoria de Justiça Regional do Meio Ambiente do Baixo Pardo/Grande
3554508,Tietê,11,Promotoria de Justiça Regional do Meio Ambiente do Tietê/Sorocaba
3554607,Timburi,15,Promotoria de Justiça Regional do Meio Ambiente do Alto Paranapanema
3554656,Torre de Pedra,11,Promotoria de Justiça Regional do Meio Ambiente do Tietê/Sorocaba
3554706,Torrinha,14,Promotoria de Justiça Regional do Meio Ambiente do Tietê/Jacaré
3554755,Trabiju,14,Promotoria de Justiça Regional do Meio Ambiente do Tietê/Jacaré
3554805,Tremembé,3,Promotoria de Justiça Regional do Meio Ambiente do Paraíba do Sul
3554904,Três Fronteiras,18,Promotoria de Justiça Regional do Meio Ambiente do São José dos Dourados
3554953,Tuiuti,9,Promotoria de Justiça Regional do Meio Ambiente do PCJ Campinas-Atibaia
3555000,Tupã,20,Promotoria de Justiça Regional do Meio Ambiente do Aguapeí/Peixe
3555109,Tupi Paulista,20,Promotoria de Justiça Regional do Meio Ambiente do Aguapeí/Peixe
3555208,Turiúba,19,Promotoria de Justiça Regional do Meio Ambiente do Baixo Tietê
3555307,Turmalina,16,Promotoria de Justiça Regional do Meio Ambiente do Turvo/Grande
3555356,Ubarana,19,Promotoria de Justiça Regional do Meio Ambiente do Baixo Tietê
3555406,Ubatuba,5,Promotoria de Justiça Regional do Meio Ambiente do Litoral Norte
3555505,Ubirajara,7,Promotoria de Justiça Regional do Meio Ambiente do Médio Paranapanema
3555604,Uchoa,16,Promotoria de Justiça Regional do Meio Ambiente do Turvo/Grande
3555703,União Paulista,18,Promotoria de Justiça Regional do Meio Ambiente do São José dos Dourados
3555802,Urânia,18,Promotoria de Justiça Regional do Meio Ambiente do São José dos Dourados
3555901,Uru,17,Promotoria de Justiça Regional do Meio Ambiente do Tietê/Batalha
3556008,Urupês,17,Promotoria de Justiça Regional do Meio Ambiente do Tietê/Batalha
3556107,Valentim Gentil,16,Promotoria de Justiça Regional do Meio Ambiente do Turvo/Grande
3556206,Valinhos,9,Promotoria de Justiça Regional do Meio Ambiente do PCJ Campinas-Atibaia
3556305,Valparaíso,19,Promotoria de Justiça Regional do Meio Ambiente do Baixo Tietê
3556354,Vargem,9,Promotoria de Justiça Regional do Meio Ambiente do PCJ Campinas-Atibaia
3556404,Vargem Grande do Sul,1,Promotoria de Justiça Regional do Meio Ambiente do Pardo
3556453,Vargem Grande Paulista,22,Promotoria de Justiça Regional do Meio Ambiente do Cotia/Pirapora
3556503,Várzea Paulista,9,Promotoria de Justiça Regional do Meio Ambiente do PCJ Campinas-Atibaia
3556602,Vera Cruz,20,Promotoria de Justiça Regional do Meio Ambiente do Aguapeí/Peixe
3556701,Vinhedo,9,Promotoria de Justiça Regional do Meio Ambiente do PCJ Campinas-Atibaia
3556800,Viradouro,13,Promotoria de Justiça Regional do Meio Ambiente do Baixo Pardo/Grande
3556909,Vista Alegre do Alto,16,Promotoria de Justiça Regional do Meio Ambiente do Turvo/Grande
3556958,Vitória Brasil,18,Promotoria de Justiça Regional do Meio Ambiente do São José dos Dourados
3557006,Votorantim,11,Promotoria de Justiça Regional do Meio Ambiente do Tietê/Sorocaba
3557105,Votuporanga,16,Promotoria de Justiça Regional do Meio Ambiente do Turvo/Grande
3557154,Zacarias,19,Promotoria de Justiça Regional do Meio Ambiente do Baixo Tietê
